{
    "dim": 128,
    "dt_rank": 32,
    "dim_inner": 128,
    "d_state": 97,
    "depth": 7,
    "dropout": 0.2677301595791723,
    "learning_rate": 0.00015334092031733988
}